venue,first_core_year,last_core_year,years_list,levels_list,in_current_2026_corpus
AFIPS,2018,2018,2018,A,False
AID,2008,2018,2008|2013|2014|2017|2018,A,False
AIIM,2008,2018,2008|2013|2014|2017|2018,A,False
AIME,2008,2014,2008|2013|2014,A,False
ALIFE,2008,2020,2008|2013|2014|2017|2018|2020,A,False
ALT,2013,2013,2013,A,False
AMCIS,2013,2018,2013|2014|2017|2018,A,False
AMIA,2008,2018,2008|2013|2014|2017|2018,A,False
AOSD,2008,2018,2008|2013|2014|2017|2018,A,False
APCOMin,2013,2018,2013|2014|2017|2018,A,False
ASAP,2008,2018,2008|2013|2014|2017|2018,A,False
ASIS&T,2008,2008,2008,A,False
ATVA,2008,2020,2008|2013|2014|2017|2018|2020,A,False
AVSS,2008,2008,2008,A,False
Ada-Europe,2008,2014,2008|2013|2014,A,False
AiML,2008,2020,2008|2013|2014|2017|2018|2020,A,False
BuildSys,2018,2018,2018,A,False
CAIP,2008,2008,2008,A,False
CASES,2008,2020,2008|2013|2014|2017|2018|2020,A,False
CBSE,2008,2013,2008|2013,A,False
CC,2008,2020,2008|2013|2014|2017|2018|2020,A,False
CCGRID,2008,2021,2008|2013|2014|2017|2018|2020|2021,A,False
CDC,2008,2018,2008|2013|2014|2017|2018,A,False
CEC,2008,2013,2008|2013,A,False
CGI,2008,2008,2008,A,False
CLUSTER,2008,2021,2008|2013|2014|2017|2018|2020|2021,A,False
COCOON,2008,2018,2008|2013|2014|2017|2018,A,False
COLING,2008,2021,2008|2013|2014|2017|2018|2020|2021,A,False
CONCUR,2008,2023,2008|2013|2014|2017|2018|2020|2021|2023,A,False
CPAIOR,2008,2008,2008,A,False
CSB,2008,2018,2008|2013|2014|2017|2018,A,False
CSCL,2008,2020,2008|2013|2014|2017|2018|2020,A|A*,False
CSFW,2008,2008,2008,A,False
CoNLL,2008,2021,2008|2013|2014|2017|2018|2020|2021,A,False
CogSci,2008,2021,2008|2013|2014|2017|2018|2020|2021,A,False
CoopIS,2008,2020,2008|2013|2014|2017|2018|2020,A,False
Coordination,2008,2017,2008|2013|2014|2017,A,False
DAS,2008,2008,2008,A,False
DBSEC,2008,2017,2008|2013|2014|2017,A,False
DCC,2008,2020,2008|2013|2014|2017|2018|2020,A*,False
DESRIST,2013,2018,2013|2014|2017|2018,A,False
DEXA,2008,2008,2008,A,False
DIGRA,2008,2008,2008,A,False
DOOD,2008,2018,2008|2013|2014|2017|2018,A,False
DSAA,2021,2021,2021,A,False
DUX,2008,2008,2008,A,False
DocEng,2008,2013,2008|2013,A,False
EAAI,2008,2018,2008|2013|2014|2017|2018,A,False
ECIS,2008,2018,2008|2013|2014|2017|2018,A,False
ECML,2008,2014,2008|2013|2014,A,False
ECRTS,2008,2021,2008|2013|2014|2017|2018|2020|2021,A,False
ECSA,2014,2023,2014|2017|2018|2020|2021|2023,A,False
ECSCW,2008,2008,2008,A,False
ECWeb,2008,2008,2008,A,False
EDBT,2008,2023,2008|2013|2014|2017|2018|2020|2021|2023,A,False
EKAW,2008,2008,2008,A,False
EMMSAD,2008,2008,2008,A,False
EMSOFT,2008,2020,2008|2013|2014|2017|2018|2020,A,False
ESQARU,2008,2018,2008|2013|2014|2017|2018,A,False
ESWC,2008,2021,2008|2013|2014|2017|2018|2020|2021,A,False
EUROGRAPH,2008,2018,2008|2013|2014|2017|2018,A,False
EWSN,2008,2020,2008|2013|2014|2017|2018|2020,A,False
EuroCOLT,2008,2008,2008,A,False
EuroMPI,2008,2008,2008,A,False
EuroPar,2008,2020,2008|2013|2014|2017|2018|2020,A,False
EuroSPI,2008,2008,2008,A,False
FCCM,2008,2020,2008|2013|2014|2017|2018|2020,A,False
FCT,2013,2020,2013|2014|2017|2018|2020,A,False
FLOPS,2008,2018,2008|2013|2014|2017|2018,A,False
FM,2008,2023,2008|2013|2014|2017|2018|2020|2021|2023,A,False
FODO,2008,2018,2008|2013|2014|2017|2018,A,False
FOIS,2013,2020,2013|2014|2017|2018|2020,A,False
FORTE,2008,2017,2008|2013|2014|2017,A,False
FOSSACS,2014,2023,2014|2017|2018|2020|2021|2023,A,False
FPSAC,2008,2008,2008,A,False
FSR,2008,2018,2008|2013|2014|2017|2018,A,False
FST&TCS,2008,2008,2008,A,False
FUZZ-IEEE,2008,2020,2008|2013|2014|2017|2018|2020,A,False
GRID,2008,2018,2008|2013|2014|2017|2018,A,False
Group,2008,2008,2008,A,False
HICSS,2013,2018,2013|2014|2017|2018,A,False
HOTCHIPS (HCS),2008,2020,2008|2013|2014|2017|2018|2020,A,False
HOTNETS,2008,2018,2008|2013|2014|2017|2018,A,False
HiPC,2008,2014,2008|2013|2014,A,False
Hypertext,2008,2018,2008|2013|2014|2017|2018,A,False
I3DG,2008,2013,2008|2013,A*,False
ICADL,2008,2018,2008|2013|2014|2017|2018,A,False
ICALT,2008,2008,2008,A,False
ICARCV,2008,2020,2008|2013|2014|2017|2018|2020,A,False
ICC,2008,2008,2008,A,False
ICCCN,2008,2020,2008|2013|2014|2017|2018|2020,A,False
ICCL,2008,2018,2008|2013|2014|2017|2018,A,False
ICCS,2008,2021,2008|2013|2014|2017|2018|2020|2021,A,False
ICECCS,2008,2020,2008|2013|2014|2017|2018|2020,A,False
ICIAP,2008,2008,2008,A,False
ICIP,2008,2008,2008,A,False
ICIS,2008,2018,2008|2013|2014|2017|2018,A*,False
ICLP,2008,2023,2008|2013|2014|2017|2018|2020|2021|2023,A,False
ICMAS,2008,2008,2008,A,False
ICMCS,2008,2018,2008|2013|2014|2017|2018,A,False
ICMR,2008,2008,2008,A,False
ICNN,2008,2008,2008,A,False
ICNP,2008,2021,2008|2013|2014|2017|2018|2020|2021,A,False
ICONIP,2008,2020,2008|2013|2014|2017|2018|2020,A,False
ICPP,2008,2021,2008|2013|2014|2017|2018|2020|2021,A,False
ICPR,2008,2008,2008,A,False
ICSC2,2008,2018,2008|2013|2014|2017|2018,A,False
ICSPC,2008,2018,2008|2013|2014|2017|2018,A,False
ICSR,2008,2017,2008|2013|2014|2017,A,False
ICSSP,2008,2020,2008|2013|2014|2017|2018|2020,A,False
ICTL,2008,2018,2008|2013|2014|2017|2018,A,False
IDA,2008,2020,2008|2013|2014|2017|2018|2020,A,False
IEEE Alife,2008,2020,2008|2013|2014|2017|2018|2020,A,False
IEEE InfoVis,2008,2020,2008|2013|2014|2017|2018|2020,A*,False
IEEE SSE,2008,2020,2008|2013|2014|2017|2018|2020,A,False
IEEETKDE,2008,2018,2008|2013|2014|2017|2018,A,False
IJCNLP,2008,2008,2008,A,False
IJCNN,2008,2020,2008|2013|2014|2017|2018|2020,A,False
ILPS,2008,2018,2008|2013|2014|2017|2018,A,False
IM,2008,2018,2008|2013|2014|2017|2018,A,False
IPCO,2008,2023,2008|2013|2014|2017|2018|2020|2021|2023,A,False
IPSN,2008,2023,2008|2013|2014|2017|2018|2020|2021|2023,A*,False
ISAAC,2008,2023,2008|2013|2014|2017|2018|2020|2021|2023,A,False
ISD,2008,2018,2008|2013|2014|2017|2018,A,False
ISESE,2008,2008,2008,A,False
ISMM,2013,2020,2013|2014|2017|2018|2020,A,False
ISR,2008,2018,2008|2013|2014|2017|2018,A,False
ISRR,2008,2021,2008|2013|2014|2017|2018|2020|2021,A,False
ISS,2014,2020,2014|2017|2018|2020,A,False
ISSAC,2008,2023,2008|2013|2014|2017|2018|2020|2021|2023,A|A*,False
ISSCC,2008,2018,2008|2013|2014|2017|2018,A,False
ISTA,2008,2008,2008,A,False
ISTCS,2008,2008,2008,A,False
ITP,2013,2023,2013|2014|2017|2018|2020|2021|2023,A,False
ITS,2008,2020,2008|2013|2014|2017|2018|2020,A,False
ITiCSE,2008,2021,2008|2013|2014|2017|2018|2020|2021,A,False
IVCNZ,2008,2008,2008,A,False
IWQoS,2008,2008,2008,A*,False
Interact,2008,2020,2008|2013|2014|2017|2018|2020,A,False
JCDL,2008,2018,2008|2013|2014|2017|2018,A*,False
JELIA,2008,2023,2008|2013|2014|2017|2018|2020|2021|2023,A,False
K-CAP,2008,2020,2008|2013|2014|2017|2018|2020,A,False
LCN,2008,2020,2008|2013|2014|2017|2018|2020,A,False
LCTES,2008,2020,2008|2013|2014|2017|2018|2020,A,False
LPAR,2008,2021,2008|2013|2014|2017|2018|2020|2021,A,False
LPNMR,2008,2020,2008|2013|2014|2017|2018|2020,A,False
MASCOTS,2008,2020,2008|2013|2014|2017|2018|2020,A,False
MASS,2008,2008,2008,A,False
MATES ENASE,2008,2018,2008|2013|2014|2017|2018,A,False
MFCS,2013,2023,2013|2014|2017|2018|2020|2021|2023,A,False
MMCN,2008,2018,2008|2013|2014|2017|2018,A,False
MMSP,2008,2008,2008,A,False
MOBIHOC,2008,2023,2008|2013|2014|2017|2018|2020|2021|2023,A,False
MassPar,2008,2018,2008|2013|2014|2017|2018,A,False
MobileHCI,2008,2008,2008,A,False
Mobiquitous,2008,2020,2008|2013|2014|2017|2018|2020,A,False
NCA,2013,2020,2013|2014|2017|2018|2020,A,False
NOSSDAV,2008,2020,2008|2013|2014|2017|2018|2020,A,False
NSDI,2008,2008,2008,A,False
NetStore,2008,2018,2008|2013|2014|2017|2018,A,False
Networking,2008,2020,2008|2013|2014|2017|2018|2020,A,False
OCIS,2013,2018,2013|2014|2017|2018,A,False
OPENARCH,2008,2018,2008|2013|2014|2017|2018,A,False
P2P,2008,2008,2008,A,False
PACIS,2013,2018,2013|2014|2017|2018,A,False
PACT,2008,2020,2008|2013|2014|2017|2018|2020,A,False
PADL,2008,2008,2008,A,False
PADS,2008,2008,2008,A,False
PAKDD,2008,2021,2008|2013|2014|2017|2018|2020|2021,A,False
PDC,2008,2008,2008,A,False
PEPM,2008,2008,2008,A,False
PERFORMANCE,2008,2020,2008|2013|2014|2017|2018|2020,A,False
PERVASIVE,2008,2014,2008|2013|2014,A*,False
PG,2008,2020,2008|2013|2014|2017|2018|2020,A,False
PPoPP,2008,2021,2008|2013|2014|2017|2018|2020|2021,A,False
PRO-VE,2008,2008,2008,A,False
PT,2008,2018,2008|2013|2014|2017|2018,A,False
PacificVis,2014,2014,2014,A,False
QRS,2008,2008,2008,A,False
QoSA,2008,2013,2008|2013,A,False
RANDOM,2008,2021,2008|2013|2014|2017|2018|2020|2021,A,False
RECOMB,2008,2008,2008,A,False
RSS,2008,2018,2008|2013|2014|2017|2018,A*,False
RTA,2008,2018,2008|2013|2014|2017|2018,A,False
RoboCup,2008,2008,2008,A,False
SARA,2008,2008,2008,A,False
SAS,2008,2020,2008|2013|2014|2017|2018|2020,A,False
SCA,2008,2008,2008,A,False
SCOPES,2008,2020,2008|2013|2014|2017|2018|2020,A,False
SDSDI,2008,2018,2008|2013|2014|2017|2018,A,False
SENSYS,2008,2023,2008|2013|2014|2017|2018|2020|2021|2023,A*,False
SMS,2008,2018,2008|2013|2014|2017|2018,A,False
SPAA,2008,2021,2008|2013|2014|2017|2018|2020|2021,A,False
SPICE,2008,2017,2008|2013|2014|2017,A,False
SRDS,2008,2020,2008|2013|2014|2017|2018|2020,A,False
SSDBM,2008,2020,2008|2013|2014|2017|2018|2020,A,False
SSPR,2008,2020,2008|2013|2014|2017|2018|2020,A,False
SSR,2008,2018,2008|2013|2014|2017|2018,A,False
SSTD,2008,2020,2008|2013|2014|2017|2018|2020,A,False
SWAT,2008,2008,2008,A,False
SecureComm,2013,2014,2013|2014,A,False
TABLEAUX,2008,2020,2008|2013|2014|2017|2018|2020,A,False
TARK,2008,2023,2008|2013|2014|2017|2018|2020|2021|2023,A,False
TCC,2013,2023,2013|2014|2017|2018|2020|2021|2023,A,False
TEI,2013,2021,2013|2014|2017|2018|2020|2021,A,False
TIME,2008,2013,2008|2013,A,False
TPDL,2008,2017,2008|2013|2014|2017,A,False
TREC,2008,2008,2008,A,False
TrustCom,2013,2020,2013|2014|2017|2018|2020,A,False
USITS,2008,2020,2008|2013|2014|2017|2018|2020,A,False
UbiComp,2008,2018,2008|2013|2014|2017|2018,A*,False
VCIP,2008,2008,2008,A,False
VEE,2013,2020,2013|2014|2017|2018|2020,A,False
VISIGRAPP,2013,2013,2013,A,False
VL/HCC,2008,2013,2008|2013,A,False
VLSI,2008,2018,2008|2013|2014|2017|2018,A,False
VMCAI,2008,2008,2008,A,False
VRST,2013,2023,2013|2014|2017|2018|2020|2021|2023,A,False
WADS,2008,2013,2008|2013,A,False
WG,2013,2021,2013|2014|2017|2018|2020|2021,A,False
WISE,2008,2020,2008|2013|2014|2017|2018|2020,A,False
WoWMoM,2008,2020,2008|2013|2014|2017|2018|2020,A,False
e-Science,2008,2020,2008|2013|2014|2017|2018|2020,A,False
